{"cameraMode":{"drawMode":0,"name":"Shaded","section":"Shading Mode"},"sceneLighting":false,"audioPlay":false,"sceneViewState":{"showFog":true,"showMaterialUpdate":false,"showSkybox":false,"showFlares":true,"showImageEffects":true,"showParticleSystems":true},"in2DMode":false,"pivot":{"x":4.834451675415039,"y":4.492376327514648,"z":-1.9042034149169922},"rotation":{"x":0.024783523753285409,"y":0.9584643840789795,"z":-0.27023357152938845,"w":0.08793174475431442},"size":28.94846534729004,"orthographic":false}